{
  "train_loss": [
    3.2741811858471364,
    2.656902422772278,
    2.3032700390135346,
    2.082627482213799,
    1.9278860597514484,
    1.78459094882082,
    1.7099435751504486,
    1.6431338957176187,
    1.579761417890315,
    1.5195578940173025,
    1.354735134761668,
    1.1270830008036432,
    0.9815197412328229,
    0.8965210337621916,
    0.8008164813209384,
    0.7281955685962792,
    0.669190104294275,
    0.6218922702146749,
    0.5753281388217842,
    0.537892136508858,
    0.49309872239916336,
    0.4557767222095623,
    0.4296283033770736,
    0.39198581730564225,
    0.3712103920903271,
    0.3483922332966377,
    0.3331393691793287,
    0.31376581667724485,
    0.2897859177270396,
    0.26815347316139476,
    0.25929247478961664,
    0.2433883548135797,
    0.24968613720349547,
    0.2365502820451137,
    0.21093433645436438,
    0.20831707652819234,
    0.2051183360172772,
    0.19202389430900943,
    0.18653794890186925,
    0.1886345362384479,
    0.16540339533096238,
    0.1634833961504673,
    0.15593277019392887,
    0.1503291957614124,
    0.14397015370971145,
    0.14589216422935855
  ],
  "train_acc": [
    0.19730609828300769,
    0.36752516281823566,
    0.44863824748371817,
    0.4979277679100059,
    0.5260509177027827,
    0.5571343990526939,
    0.5679396092362344,
    0.5842214328004737,
    0.5976909413854352,
    0.6116044997039668,
    0.6425399644760214,
    0.6962699822380106,
    0.7405269390171699,
    0.7494079336885732,
    0.7702782711663706,
    0.7967732386027235,
    0.8102427471876851,
    0.8266725873297809,
    0.8379218472468917,
    0.8507992895204263,
    0.8596802841918295,
    0.87048549437537,
    0.8769982238010657,
    0.8882474837181764,
    0.894316163410302,
    0.8993487270574304,
    0.9015689757252813,
    0.9068975725281232,
    0.91651865008881,
    0.9255476613380699,
    0.9262877442273535,
    0.9311722912966253,
    0.9265837773830669,
    0.9299881586737715,
    0.9382770870337478,
    0.9415334517465956,
    0.9406453522794553,
    0.9440497335701599,
    0.9465660153937241,
    0.9462699822380106,
    0.9529307282415631,
    0.951894612196566,
    0.9545589105979869,
    0.9587033747779752,
    0.9558910597986975,
    0.9579632918886916
  ],
  "val_loss": [
    2.958884366729556,
    2.547318831844443,
    2.310815292561548,
    2.1129931334207748,
    1.9992297226155298,
    1.874947846852816,
    1.7700779861247047,
    1.7098588510377872,
    1.6874182946583223,
    1.6252885898894813,
    1.2572015782079753,
    1.0894176790700156,
    0.9844647838519169,
    0.9164621861728691,
    0.8811036535268705,
    0.8487447904411858,
    0.8141731306645997,
    0.7917261624477319,
    0.7422808015134913,
    0.7382619644763202,
    0.7070333317892086,
    0.7549230983976781,
    0.7449996328212806,
    0.685090571782998,
    0.6975973765525593,
    0.6951609346288196,
    0.6980771027373139,
    0.6773982825363881,
    0.6720676877794887,
    0.6578032078827627,
    0.6647287960235889,
    0.6765401120016561,
    0.639987373704741,
    0.6613567923653055,
    0.6519295989409001,
    0.6621905864343135,
    0.6193186024942342,
    0.6260765164914216,
    0.6527047038430999,
    0.671745470360186,
    0.6491686539184413,
    0.6606590619454017,
    0.6512260705056275,
    0.6584574235614234,
    0.6297312312224913,
    0.6514892985834878
  ],
  "val_acc": [
    0.41183431952662725,
    0.4982248520710059,
    0.5360946745562131,
    0.5633136094674556,
    0.5727810650887574,
    0.5905325443786982,
    0.5952662721893491,
    0.6106508875739645,
    0.6023668639053255,
    0.6224852071005917,
    0.6781065088757396,
    0.7041420118343196,
    0.7254437869822485,
    0.7396449704142012,
    0.7349112426035503,
    0.749112426035503,
    0.7680473372781065,
    0.7656804733727811,
    0.7775147928994083,
    0.7869822485207101,
    0.7988165680473372,
    0.7798816568047338,
    0.7988165680473372,
    0.8130177514792899,
    0.8023668639053254,
    0.8023668639053254,
    0.8106508875739645,
    0.8165680473372781,
    0.8153846153846154,
    0.8130177514792899,
    0.821301775147929,
    0.8165680473372781,
    0.8201183431952662,
    0.8224852071005917,
    0.8366863905325443,
    0.8272189349112427,
    0.8319526627218935,
    0.8414201183431953,
    0.8248520710059172,
    0.821301775147929,
    0.829585798816568,
    0.8284023668639053,
    0.8189349112426035,
    0.8319526627218935,
    0.829585798816568,
    0.829585798816568
  ],
  "lr": [
    0.0001,
    0.0001,
    0.0001,
    0.0001,
    0.0001,
    0.0001,
    0.0001,
    0.0001,
    0.0001,
    0.0001,
    0.0001,
    0.0001,
    0.0001,
    0.0001,
    0.0001,
    0.0001,
    0.0001,
    0.0001,
    0.0001,
    0.0001,
    0.0001,
    0.0001,
    0.0001,
    0.0001,
    0.0001,
    0.0001,
    0.0001,
    0.0001,
    0.0001,
    0.0001,
    0.0001,
    0.0001,
    0.0001,
    0.0001,
    0.0001,
    0.0001,
    0.0001,
    0.0001,
    0.0001,
    0.0001,
    0.0001,
    0.0001,
    5e-05,
    5e-05,
    5e-05,
    5e-05
  ]
}